date,coverage_percentage
2017-03-16 08:27:11.516,21.351130732705595
2017-04-05 08:27:17.540,31.497189752077514
2017-04-20 08:27:17.491,28.39779323027412
2017-05-17 08:17:21.304,37.5
2017-05-22 08:17:27.667,28.611344272096957
2017-06-01 08:17:27.069,40.52190303246235
2017-06-06 08:17:24.124,50.567737783294255
2017-06-14 08:27:21.068,49.0351905484301
2017-07-11 08:17:24.982,61.40417413690066
2017-08-10 08:17:26.385,81.25948145083437
2017-09-04 08:17:18.331,48.995540844940926
2017-09-09 08:17:23.216,67.74163878637373
2017-09-22 08:27:15.967,97.00213763618811
2017-10-04 08:17:09.585,64.6561928951512
2017-10-19 08:17:24.128,51.78605298096984
2017-11-03 08:17:11.555,62.36381188801544
2017-11-18 08:17:21.956,37.778697191192016
2017-12-28 08:17:18.599,23.674862916853467
2018-01-02 08:17:15.214,33.14751705391162
2018-04-07 08:17:25.061,27.929615667524825
2018-06-11 08:17:22.899,29.305153312186828
2018-06-19 08:27:20.245,41.74309290672551
2018-06-24 08:27:18.791,29.88840619684641
2018-08-30 08:17:15.611,32.93223923137039
2018-09-19 08:17:17.583,41.880774294436556
2018-10-07 08:27:17.256,42.73113324100837
2018-10-27 08:27:17.247,74.80347538270583
2018-10-29 08:17:22.435,40.72829035075622
2018-11-11 08:27:18.184,89.36296143060727
2018-12-23 08:17:17.000,17.022022482241788
2018-12-26 08:27:13.455,99.88220015630029
2019-01-10 08:27:19.000,70.7609295269618
2019-01-12 08:17:20.000,35.12320706141964
2019-01-15 08:27:16.000,95.99250678067392
2019-01-22 08:17:21.000,28.278283455155613
2019-01-25 08:27:17.000,85.90424309290673
2019-01-27 08:17:25.000,32.92304509722797
2019-01-30 08:27:20.000,79.11437502873167
2019-02-21 08:17:21.000,38.124051854916566
2019-02-24 08:27:16.000,26.1251321656783
2019-02-26 08:17:23.703,26.133177033052913
2019-03-01 08:27:18.966,38.4136670804027
2019-03-03 08:17:19.000,53.49319634073461
2019-03-06 08:27:15.000,69.28182319680045
2019-03-08 08:17:22.000,52.307727669746704
2019-03-13 08:17:20.000,29.42697558957385
2019-03-16 08:27:17.329,24.501218222773872
2019-03-21 08:27:20.000,27.993265296740677
2019-03-26 08:27:19.770,37.034546959040135
2019-03-28 08:17:26.000,18.115892060865168
2019-03-31 08:27:22.000,30.903783386199606
2019-04-17 08:17:30.000,25.489080459770115
2019-04-20 08:27:26.000,33.43964050935504
2019-04-27 08:17:32.231,28.1836632610233
2019-04-30 08:27:28.000,38.79464901392911
2019-05-02 08:17:28.000,34.32909588285327
2019-05-05 08:27:24.000,35.506022157863285
2019-05-07 08:17:33.240,35.55831379579828
2019-05-10 08:27:29.000,85.39167011446696
2019-05-12 08:17:28.850,38.79177584700961
2019-05-15 08:27:24.000,37.0161586907553
2019-05-17 08:17:33.645,36.25074702339907
2019-05-20 08:27:29.322,33.89589941617248
2019-05-22 08:17:28.422,38.69143733874258
2019-05-25 08:27:23.000,61.68344596147658
2019-05-27 08:17:33.000,40.53176573346205
2019-05-30 08:27:29.060,44.12315684223834
2019-06-01 08:17:27.490,66.13340688640648
2019-06-04 08:27:22.783,43.85659449271365
2019-06-09 08:27:28.000,53.26161908702248
2019-06-11 08:17:27.791,58.64535926079162
2019-06-14 08:27:23.000,65.22491150645888
2019-06-16 08:17:32.000,41.21730336045603
2019-06-19 08:27:28.000,34.744058290810464
2019-06-21 08:17:29.000,40.272031443938765
2019-06-24 08:27:24.000,36.9650163195881
2019-06-26 08:17:33.000,46.09019445593711
2019-06-29 08:27:29.000,55.215372592286116
2019-07-01 08:17:29.811,70.91033420677608
2019-07-04 08:27:25.626,73.07440353054751
2019-07-06 08:17:33.000,56.83066703443204
2019-07-09 08:27:29.463,40.20996107786152
2019-07-11 08:17:30.000,48.56686434055073
2019-07-14 08:27:25.848,59.34985978945433
2019-07-16 08:17:33.787,31.78642026387165
2019-07-19 08:27:29.353,51.011354755665884
2019-07-21 08:17:30.157,35.94044499609249
2019-07-24 08:27:25.686,99.97299223095665
2019-07-26 08:17:33.369,43.27161770790236
2019-07-29 08:27:28.809,78.13864754286764
2019-07-31 08:17:29.711,31.496230405001608
2019-08-03 08:27:25.138,88.27977750195375
2019-08-05 08:17:32.586,98.27150278122558
2019-08-08 08:27:27.889,99.93391716085138
2019-08-13 08:27:24.121,99.07943731899049
2019-08-15 08:17:31.375,99.86323725463154
2019-08-18 08:27:26.587,99.75693007860986
2019-08-20 08:17:27.562,66.00813680871603
2019-08-23 08:27:22.726,48.08439691847764
2019-08-25 08:17:29.737,40.48751896290167
2019-08-28 08:27:24.837,96.52691582770193
2019-08-30 08:17:25.881,97.84397554360318
2019-09-02 08:27:20.942,44.593274490874826
2019-09-04 08:17:27.721,53.19726014802556
2019-09-09 08:17:23.732,78.8115432354158
2019-09-12 08:27:18.993,55.16423022111893
2019-09-14 08:17:25.232,75.82804670620145
2019-09-17 08:27:20.067,93.34402151427389
2019-09-19 08:17:24.813,94.01002160621523
2019-09-22 08:27:20.976,59.29124718429642
2019-09-27 08:27:20.793,83.62352319220338
2019-09-29 08:17:26.486,46.987197168206684
2019-10-02 08:27:22.511,99.8931181905944
2019-10-04 08:17:25.764,78.81671493587092
2019-10-07 08:27:21.599,81.78986806417505
2019-10-09 08:17:27.616,81.61690341562084
2019-10-12 08:27:23.499,82.8902909943456
2019-10-14 08:17:26.220,64.01645750011494
2019-10-17 08:27:21.899,78.23690985151474
2019-10-19 08:17:28.253,80.07918448030156
2019-10-24 08:17:26.080,99.31503700638993
2019-10-27 08:27:21.598,98.72833632142694
2019-10-29 08:17:28.305,32.198432400128716
2019-11-03 08:17:25.351,58.44826001011355
2019-11-06 08:27:21.749,99.9994253666161
2019-11-23 08:17:21.972,44.54328138647543
2019-11-28 08:17:24.593,36.513929113225764
2019-12-01 08:27:19.544,99.23918539971498
2019-12-03 08:17:19.322,33.58789592240151
2019-12-11 08:27:16.864,99.29492483795339
2019-12-16 08:27:15.364,79.0747253252425
2019-12-26 08:27:15.765,95.96779754516619
2020-01-02 08:17:20.041,96.14306072725601
2020-01-05 08:27:15.592,98.77085919183561
2020-01-15 08:27:14.889,97.29002896152255
2020-01-17 08:17:18.955,34.09414793361835
2020-01-27 08:17:17.968,26.29120121362571
2020-01-30 08:27:13.221,66.47531374982762
2020-02-01 08:17:17.903,54.32181768031995
2020-02-04 08:27:14.232,43.68765227784673
2020-02-11 08:17:19.977,61.12432767894084
2020-02-14 08:27:16.129,21.348204845308693
2020-02-21 08:17:21.495,60.21698156576104
2020-02-24 08:27:17.517,100.0
2020-02-26 08:17:20.064,65.99664414103802
2020-03-05 08:27:18.330,20.113892336689194
2020-03-07 08:17:20.936,27.479543051533124
2020-03-10 08:27:16.769,7.448397922125684
2020-03-15 08:27:18.659,35.72553211051349
2020-03-20 08:27:16.977,39.12104077598492
2020-03-25 08:27:18.498,63.13496988921068
2020-03-27 08:17:21.187,32.81156622075116
2020-04-01 08:17:22.388,80.86011124902312
2020-04-06 08:17:21.997,33.763733737875235
2020-04-11 08:17:21.325,17.128671907323127
2020-04-16 08:17:24.796,94.7409552705374
2020-04-21 08:17:19.705,23.16634487197168
2020-04-24 08:27:15.141,39.4290442697559
2020-05-01 08:17:21.345,38.56709419390429
2020-05-04 08:27:17.725,31.662299452949018
2020-05-06 08:17:28.928,24.907484025191927
2020-05-09 08:27:24.987,30.627384728543188
2020-05-11 08:17:23.595,20.971819978853492
2020-05-14 08:27:19.805,21.33728681101457
2020-05-16 08:17:30.197,12.943616972371627
2020-05-21 08:17:25.322,9.701535420401784
2020-05-24 08:27:21.399,7.673654208614904
2020-05-26 08:17:31.024,19.52316921803889
2020-05-29 08:27:26.784,6.049165632326576
2020-05-31 08:17:26.543,6.836988001654944
2020-06-03 08:27:22.462,7.947754332735715
2020-06-05 08:17:31.349,8.2615041603457
2020-06-08 08:27:26.976,29.335034248149682
2020-06-10 08:17:27.281,6.371534960695077
2020-06-13 08:27:23.037,8.993587091435664
2020-06-15 08:17:31.169,9.002781225578081
2020-06-18 08:27:26.672,6.425550498781778
2020-06-20 08:17:27.529,10.007240380637153
2020-06-23 08:27:23.179,5.376269939778421
2020-06-25 08:17:30.602,6.227876614719809
2020-06-28 08:27:25.968,5.319381234772216
2020-06-30 08:17:27.336,6.932951776766423
2020-07-03 08:27:22.867,10.531880660138832
2020-07-05 08:17:29.600,6.218107847193491
2020-07-08 08:27:24.872,76.40440399025422
2020-07-10 08:17:26.767,11.749528800625201
2020-07-13 08:27:22.169,9.026915827701925
2020-07-15 08:17:29.683,5.295821266032271
2020-07-18 08:27:25.628,7.771916517261987
2020-07-20 08:17:26.689,4.464901392911322
2020-07-23 08:27:22.730,8.515492116029973
2020-07-28 08:27:26.338,52.69158277019261
2020-07-30 08:17:27.735,7.317381510596239
2020-08-02 08:27:19.971,9.021744127246818
2020-08-02 08:27:26.773,15.836284574348857
2020-08-04 08:17:30.967,5.923895554636142
2020-08-07 08:27:26.645,98.0669332965568
2020-08-09 08:17:28.394,8.252884659587183
2020-08-12 08:27:24.140,97.55838275180434
2020-08-14 08:17:30.926,22.513561347860065
2020-08-17 08:27:26.480,86.58058658575828
2020-08-22 08:27:24.238,28.375396497034895
2020-08-24 08:17:30.496,9.668206684135521
2020-08-27 08:27:23.848,98.31747345193766
2020-09-03 08:17:29.634,36.33521813083253
2020-09-06 08:27:22.869,34.24010481312922
2020-09-08 08:17:27.680,10.207787431618627
2020-09-11 08:27:23.024,7.96671723440445
2020-09-13 08:17:29.063,3.839700271226957
2020-09-18 08:17:26.757,95.95975267779157
2020-09-21 08:27:22.821,99.97816393141176
2020-09-23 08:17:30.190,99.9465590952972
2020-09-28 08:17:27.967,9.349859789454328
2020-10-16 08:27:26.357,29.197122236013424
2020-10-18 08:17:28.707,31.873764538224613
2020-10-23 08:17:30.377,32.50413736036409
2020-10-28 08:17:28.116,29.396520020227097
2020-11-07 08:17:26.852,27.389325610260656
2020-11-15 08:27:24.044,76.59863007401277
2020-11-25 08:27:21.953,84.02404266078241
2020-12-02 08:17:24.358,56.976049280559
2020-12-10 08:27:18.117,99.33285064129086
2020-12-20 08:27:16.767,71.61138693513539
2020-12-27 08:17:22.582,41.73274950581529
2020-12-30 08:27:18.752,53.98335861720223
2021-01-21 08:17:25.769,22.046384406748494
2021-02-13 08:27:19.433,27.031903645474188
2021-02-15 08:17:23.109,43.242311405323406
2021-02-18 08:27:18.266,34.56649657518503
2021-02-20 08:17:24.496,35.96055716452903
2021-03-05 08:27:20.521,22.555509584884845
2021-03-07 08:17:24.183,30.28547786512205
2021-03-10 08:27:19.930,29.95563830276284
2021-03-12 08:17:24.662,25.852755941709187
2021-03-27 08:17:23.729,58.67753873029008
2021-04-01 08:17:22.160,69.90932285202041
2021-04-09 08:27:17.678,75.77575506826645
2021-04-11 08:17:19.931,58.05233760860571
2021-04-14 08:27:14.811,49.873580655541765
2021-04-16 08:17:20.682,57.42253941985014
2021-04-19 08:27:15.675,74.83565485220429
2021-04-21 08:17:20.413,76.19523743851423
2021-04-24 08:27:16.835,59.612467245897115
2021-04-26 08:17:20.013,68.16416126511285
2021-04-29 08:27:16.318,59.85438790051947
2021-05-04 08:27:18.933,44.3122787661472
2021-05-06 08:17:22.429,56.3261389233669
2021-05-09 08:27:18.700,44.330092401048134
2021-05-11 08:17:24.404,66.24042390560973
2021-05-14 08:27:20.435,53.83740173769135
2021-05-16 08:17:24.297,39.461798372638256
2021-05-19 08:27:20.353,64.98356548522042
2021-05-21 08:17:25.446,33.101756079621204
2021-05-24 08:27:21.269,78.63628005332598
2021-05-26 08:17:25.485,36.564496851009054
2021-05-29 08:27:21.349,22.669861628281158
2021-06-03 08:27:21.488,40.742656185353745
2021-06-05 08:17:26.013,25.115501310164117
2021-06-13 08:27:21.174,61.86560474417322
2021-06-15 08:17:25.996,53.70351215924241
2021-06-18 08:27:21.492,72.24405829081047
2021-06-20 08:17:25.633,53.77304279869443
2021-06-23 08:27:21.757,33.26897439433642
2021-06-25 08:17:25.503,30.495793683629845
2021-06-28 08:27:21.524,51.40095618995081
2021-07-03 08:27:22.949,43.68305521077552
2021-07-05 08:17:26.537,37.34714751988232
2021-07-08 08:27:22.382,77.5755068266446
2021-07-10 08:17:27.963,45.893095205259044
2021-07-13 08:27:23.788,81.50082747207281
2021-07-18 08:27:22.701,46.53036362800533
2021-07-20 08:17:28.398,33.8010849078288
2021-07-23 08:27:24.082,19.024387440812763
2021-07-25 08:17:27.012,48.438146462556894
2021-07-28 08:27:22.524,33.559164253206454
2021-07-30 08:17:28.318,27.068105548659954
2021-08-02 08:27:23.797,41.49829908518365
2021-08-04 08:17:26.385,49.34032087528157
2021-08-07 08:27:21.753,40.80701512435066
2021-08-09 08:17:27.618,49.57649519606491
2021-08-12 08:27:23.244,79.16264423297936
2021-08-17 08:27:20.452,97.63710752539879
2021-08-19 08:17:27.357,35.38190134694065
2021-08-27 08:27:18.669,99.74716131108353
2021-08-29 08:17:26.595,10.862869489265849
2021-09-01 08:27:21.880,46.22350940100216
2021-09-03 08:17:21.515,59.24700041373604
2021-09-06 08:27:17.188,99.74428814416403
2021-09-11 08:27:21.110,28.839125637843054
2021-09-13 08:17:21.270,51.05387762607456
2021-09-16 08:27:16.717,99.56098009469957
2021-09-21 08:27:23.454,52.80593481358893
2021-09-23 08:17:22.859,38.76304417781456
2021-09-26 08:27:19.200,43.583643635360644
2021-09-28 08:17:29.063,88.6257067990622
2021-10-03 08:17:24.928,32.2972693421597
2021-10-06 08:27:21.040,99.9988507332322
2021-10-11 08:27:25.988,53.46733783845906
2021-10-16 08:27:22.001,99.52477819151382
2021-10-23 08:17:26.571,43.76925021836068
2021-10-31 08:27:25.145,57.80467062014435
2021-11-02 08:17:26.034,26.212565384836466
2021-11-05 08:27:21.296,98.59444674297798
2021-11-07 08:17:28.262,47.27451386015722
2021-11-12 08:17:24.319,70.89079667172345
2021-11-15 08:27:19.258,91.850549349515
2021-11-17 08:17:25.507,58.74879326989381
2021-11-30 08:27:20.410,74.56098009469957
2021-12-30 08:27:22.321,91.69884613616513
2022-01-21 08:17:20.043,48.210591642532066
2022-01-24 08:27:15.156,72.48827747896843
2022-02-03 08:27:15.010,70.16790787477589
2022-02-08 08:27:19.947,49.37306777304019
2022-02-13 08:27:14.661,50.69966841176707
2022-02-15 08:17:25.456,29.27593382462837
2022-02-20 08:17:19.289,62.50287316691951
2022-02-25 08:17:27.764,54.687024128994445
2022-03-20 08:27:24.109,30.11136394980003
2022-03-22 08:17:22.806,35.03287583051705
2022-03-30 08:27:23.044,64.03656966855146
2022-04-01 08:17:21.503,32.212223601342345
2022-04-06 08:17:26.008,55.39523284144716
2022-04-19 08:27:24.807,13.39998735145142
2022-04-21 08:17:20.058,17.752513205464965
2022-04-26 08:17:30.112,28.784656765828316
2022-04-29 08:27:25.832,42.544131843883605
2022-05-01 08:17:18.976,28.9072645987289
2022-05-04 08:27:15.932,65.5076311313382
2022-05-06 08:17:29.585,57.385188249896565
2022-05-09 08:27:24.705,42.3826598630074
2022-05-11 08:17:22.778,33.451707810416956
2022-05-14 08:27:19.339,66.34314807153036
2022-05-16 08:17:29.899,81.95363857858686
2022-05-19 08:27:26.576,68.84682572518733
2022-05-24 08:27:20.852,64.54607108372798
2022-05-26 08:17:32.399,46.30524881727724
2022-05-29 08:27:28.348,92.3280696915368
2022-05-31 08:17:24.891,32.74218296544471
2022-06-03 08:27:20.451,43.89452029605112
2022-06-05 08:17:32.915,40.91159840022066
2022-06-08 08:27:29.213,84.10966303498368
2022-06-10 08:17:27.273,43.045212154645334
2022-06-13 08:27:23.725,35.25159184424063
2022-06-15 08:17:35.787,32.9348681904127
2022-06-18 08:27:32.115,54.95058039305827
2022-06-20 08:17:29.453,68.506068128534
2022-06-28 08:27:33.467,49.38571691260976
2022-06-30 08:17:30.128,73.14910587045465
2022-07-03 08:27:25.734,41.32743362831858
2022-07-05 08:17:38.113,35.01413598124397
2022-07-08 08:27:33.674,45.09780260193996
2022-07-10 08:17:29.667,39.850825173539285
2022-07-15 08:17:37.499,40.06631269250218
2022-07-18 08:27:32.634,56.15834597526778
2022-07-25 08:17:35.322,52.37725830919872
2022-08-04 08:17:35.893,84.87737323587551
2022-08-07 08:27:32.086,99.20240886314531
2022-08-09 08:17:28.961,56.78033306899286
2022-08-12 08:27:24.126,69.4191605755528
2022-08-14 08:17:37.411,45.81092263136119
2022-08-17 08:27:33.237,99.86783432170276
2022-08-22 08:27:21.673,97.73996690111709
2022-08-24 08:17:37.691,61.253972176091665
2022-08-27 08:27:33.225,99.80347538270583
2022-08-29 08:17:25.678,95.39603732818462
2022-09-01 08:27:21.852,99.27308876936515
2022-09-03 08:17:37.031,99.79600514871511
2022-09-06 08:27:32.230,93.26644600744724
2022-09-08 08:17:26.963,68.84950055749049
2022-09-11 08:27:22.742,86.40934583735577
2022-09-16 08:27:29.867,94.76681377281294
2022-09-18 08:17:26.751,99.30814140578312
2022-09-23 08:17:32.001,70.35440695596205
2022-09-26 08:27:27.879,99.90403622488853
2022-09-28 08:17:25.041,71.38990569995231
2022-10-01 08:27:19.853,96.98202546775157
2022-10-03 08:17:32.170,54.20249206860086
2022-10-06 08:27:27.437,99.94253666160989
2022-10-08 08:17:22.715,53.458284479389384
2022-10-11 08:27:19.162,59.84641206630952
2022-10-13 08:17:29.910,70.08603003292933
2022-10-23 08:17:27.291,48.7180224202357
2022-10-28 08:17:23.926,61.834768512663686
2022-11-05 08:27:24.802,98.54560290534639
2022-11-17 08:17:24.735,42.571714246310854
2022-11-20 08:27:20.343,84.12805130326852
2023-01-04 08:27:19.685,96.34303314485358
2023-01-09 08:27:17.415,93.47273939226774
2023-01-11 08:17:23.067,52.61173874567583
2023-01-14 08:27:17.798,80.83063237018136
2023-01-16 08:17:21.766,62.978116954762775
2023-01-21 08:17:20.392,35.39417560560595
2023-01-24 08:27:17.270,85.27846733783846
2023-01-29 08:27:18.255,68.09272337564575
2023-02-25 08:17:25.500,68.50292794216524
2023-02-28 08:27:21.457,78.5368684779111
2023-03-02 08:17:22.174,50.26294463506733
2023-03-05 08:27:17.356,72.9560290534639
2023-03-10 08:27:24.734,72.36415666804578
2023-03-12 08:17:21.026,77.26348089918632
2023-03-17 08:17:28.898,72.40206191491441
2023-03-20 08:27:23.840,59.533841069119134
2023-03-22 08:17:23.604,58.34780109226789
2023-04-01 08:17:23.778,67.58588576158941
2023-04-04 08:27:20.203,88.15967912471842
2023-04-06 08:17:27.873,59.988964058467495
2023-04-11 08:17:25.212,55.58397369948674
2023-04-14 08:27:20.604,66.53852342205673
2023-04-19 08:27:22.511,72.88937158093137
2023-04-21 08:17:23.602,61.77653656966855
2023-04-24 08:27:20.192,63.16197765825403
2023-04-26 08:17:26.776,57.51965246172942
2023-04-29 08:27:22.567,51.757803521353374
2023-05-04 08:27:20.968,79.27584700960787
2023-05-09 08:27:23.365,64.29400542453915
2023-05-11 08:17:24.137,32.8862685606583
2023-05-19 08:27:25.477,60.18939916333379
2023-05-21 08:17:27.701,40.81563462510918
2023-05-24 08:27:23.916,77.06638164850825
2023-05-26 08:17:29.738,98.84900933204615
2023-05-29 08:27:24.950,58.66662069599595
2023-06-05 08:17:29.482,53.37482186365099
2023-06-10 08:17:28.905,33.03827008633474
2023-06-13 08:27:24.810,72.11648967958443
2023-06-15 08:17:30.005,35.920359680794796
2023-06-18 08:27:25.308,42.77111203052453
2023-06-20 08:17:28.976,33.77488391338329
2023-06-25 08:17:29.454,74.14437089137131
2023-06-30 08:17:29.423,43.33658985115798
2023-07-03 08:27:25.544,64.26412448857629
2023-07-05 08:17:30.444,41.26729646485543
2023-07-08 08:27:25.955,54.789569254815426
2023-07-13 08:27:25.785,54.35916885027352
2023-07-18 08:27:26.286,56.13133820622443
2023-07-23 08:27:25.178,100.0
2023-07-28 08:27:26.407,85.52785822645153
2023-07-30 08:17:30.369,44.87797589973739
2023-08-04 08:17:29.700,22.343469866225348
2023-08-07 08:27:25.879,11.41106973750747
2023-08-12 08:27:25.596,43.2923045097228
2023-08-14 08:17:30.629,60.33420677607686
2023-08-17 08:27:26.092,99.86208798786375
2023-08-19 08:17:31.127,97.08948191054108
2023-08-22 08:27:26.831,96.95386843194042
2023-08-24 08:17:29.056,27.24279409736588
2023-08-27 08:27:25.064,68.71466004689009
2023-08-29 08:17:30.602,10.58453723178062
2023-09-01 08:27:25.846,99.80002758240244
2023-09-03 08:17:29.759,55.46341631611613
2023-09-06 08:27:25.177,99.97758929802785
2023-09-11 08:27:25.516,92.66020778743162
2023-09-16 08:27:23.782,27.40729673663826
2023-09-18 08:17:28.028,56.149726474509265
2023-09-21 08:27:22.303,82.00765411667356
2023-09-26 08:27:23.854,77.67606766882729
2023-10-01 08:27:22.740,25.570036316829864
2023-10-03 08:17:25.910,7.042836448920466
2023-10-06 08:27:20.712,29.860249161035256
2023-10-08 08:17:25.031,23.21102077895197
2023-10-13 08:17:27.170,26.64747391164437
2023-10-18 08:17:24.512,8.421924140587718
2023-10-21 08:27:20.624,82.17659633154048
2023-10-23 08:17:26.375,32.511967084054035
2023-10-26 08:27:21.536,53.292649289753136
2023-11-02 08:17:27.660,41.75079335878213
2023-11-05 08:27:23.454,71.8354939548568
2023-11-10 08:27:20.038,94.36054797039489
2023-11-22 08:17:20.694,28.04613156805958
2023-11-25 08:27:16.276,84.83370109869904
2023-11-27 08:17:18.183,40.75970756603904
2023-12-02 08:17:22.130,34.279967819790826
2024-01-01 08:17:25.884,42.264285385923785
2024-01-04 08:27:20.855,58.37413230359031
2024-01-06 08:17:21.205,32.2972693421597
2024-01-14 08:27:19.174,47.90431204891279
2024-01-19 08:27:11.861,92.73605939410656
2024-01-21 08:17:24.320,40.97825587275318
2024-01-29 08:27:15.774,42.3274950581529
2024-02-03 08:27:18.295,74.31618627315773
2024-02-05 08:17:20.919,66.4735898496759
2024-02-08 08:27:16.456,80.28892566542545
2024-02-10 08:17:25.458,47.90943170580253
2024-02-13 08:27:21.679,69.4731761136395
2024-02-15 08:17:22.754,55.34466510366386
2024-02-18 08:27:18.633,86.99030018847975
2024-02-23 08:27:20.836,48.40136992598722
2024-03-04 08:27:16.794,63.59122879602813
2024-03-06 08:17:25.575,23.644439847377374
2024-03-09 08:27:21.116,30.919873120948832
2024-03-11 08:17:21.231,23.640898328850884
2024-03-14 08:27:18.348,21.8900841263274
2024-03-16 08:17:25.137,18.046465122426348
2024-03-24 08:27:21.165,9.185321417282106
2024-03-29 08:27:20.549,18.007964464467342
2024-04-10 08:17:24.890,6.828542029535356
2024-04-13 08:27:21.289,16.55116535650255
2024-04-18 08:27:23.902,25.202270951133176
2024-04-20 08:17:25.752,31.92663080954351
2024-04-23 08:27:20.251,35.881257757550685
2024-04-25 08:17:27.185,40.26685974348366
2024-04-30 08:17:24.868,22.072817542407943
2024-05-03 08:27:21.083,23.08532156484163
2024-05-05 08:17:27.784,8.778099572472762
2024-05-08 08:27:23.029,28.91095481083069
2024-05-10 08:17:25.735,14.996782053050154
2024-05-13 08:27:20.296,57.6173401369926
2024-05-15 08:17:27.832,21.36720702911751
2024-05-18 08:27:22.522,40.48292189583046
2024-05-20 08:17:24.126,15.760469820254677
2024-05-23 08:27:20.389,26.23776030892291
2024-05-25 08:17:24.860,14.365834597526778
2024-05-30 08:17:25.057,29.750494184710153
2024-06-04 08:17:29.822,20.68309559660234
2024-06-07 08:27:26.270,30.833103479979773
2024-06-09 08:17:28.148,21.22753183468947
2024-06-12 08:27:23.873,22.625040224336875
2024-06-14 08:17:31.060,54.932652967406796
2024-06-17 08:27:26.346,32.831678389187694
2024-06-19 08:17:27.331,20.424768997379672
2024-06-22 08:27:23.209,35.59049326529674
2024-06-24 08:17:28.985,70.3931641612651
2024-06-27 08:27:23.425,18.598009469958164
2024-07-02 08:27:24.483,15.224911506458879
2024-07-04 08:17:28.588,16.367366406730376
2024-07-07 08:27:24.137,38.24759803245529
2024-07-09 08:17:27.560,9.394463966321407
2024-07-12 08:27:22.673,25.82574817266584
2024-07-14 08:17:27.153,66.8396313152209
2024-07-17 08:27:21.660,38.283225302257165
2024-07-19 08:17:28.500,74.98505953201857
2024-07-22 08:27:24.056,99.80634854962534
2024-07-24 08:17:27.217,42.90040454190226
2024-07-27 08:27:23.250,90.48866822966947
2024-07-29 08:17:26.658,22.621264367816092
2024-08-03 08:17:27.537,97.93534225164345
2024-08-06 08:27:22.289,98.62547694570864
2024-08-08 08:17:28.637,99.99482829954489
2024-08-11 08:27:24.968,67.6958350572335
2024-08-13 08:17:26.568,64.2112582172574
2024-08-16 08:27:21.473,36.434055072863515
2024-08-18 08:17:27.247,40.04045419022664
2024-08-21 08:27:20.846,14.648554222406105
2024-08-23 08:17:22.371,69.11517951546912
2024-08-26 08:27:18.733,63.30793453776491
2024-08-28 08:17:26.985,63.930262492529764
2024-09-02 08:17:24.782,25.409982123457358
2024-09-05 08:27:20.764,29.349400082747206
2024-09-07 08:17:24.214,52.05488898083023
2024-09-15 08:27:19.826,54.551096400496476
2024-09-25 08:27:22.410,77.01236611042155
2024-09-27 08:17:24.927,55.099296648738104
2024-09-30 08:27:21.571,47.70031719762791
2024-10-02 08:17:26.775,30.073800738007378
2024-10-05 08:27:21.123,63.267710200891834
2024-10-07 08:17:24.972,42.296464855422236
2024-10-10 08:27:18.350,19.980569017355663
2024-10-12 08:17:23.295,48.24794281248563
2024-10-17 08:17:25.386,21.417735484760723
2024-10-25 08:27:20.873,29.717165448443893
2024-10-27 08:17:25.902,26.900621760467068
2024-10-30 08:27:20.843,64.25895278812118
2024-11-01 08:17:24.841,21.64701420493725
2024-11-04 08:27:18.509,99.98563416540247
2024-11-06 08:17:19.427,39.18597434836574
2024-11-19 08:27:19.631,99.98620879878636
2024-11-21 08:17:24.405,46.591274766698845
2024-11-26 08:17:26.542,56.298556520939634
2024-11-29 08:27:22.297,80.16020778743162
2024-12-01 08:17:24.770,60.60485909989427
2024-12-04 08:27:21.394,87.93672137176482
2024-12-06 08:17:25.132,69.7035700328728
2024-12-14 08:27:20.986,99.96552199696593
2024-12-14 08:27:48.315,99.97586539787615
2025-01-20 08:17:23.847,88.79407438054521
2025-01-23 08:27:49.218,99.5219050245943
2025-01-25 08:17:27.165,73.10198593297477
2025-01-30 08:17:52.102,69.50880338344136
2025-02-09 08:17:51.276,52.22680210866404
2025-03-06 08:17:28.097,39.48546439797496
2025-03-26 08:17:27.534,47.767549303544335
2025-04-10 08:17:47.602,30.083384574715684
2025-04-13 08:27:42.281,61.584034386061695
2025-04-25 08:17:25.662,15.629672225416908
2025-04-25 08:27:34.935,16.613097052042068
2025-04-28 08:27:22.127,19.55902127317236
2025-04-30 08:17:46.923,14.992759619362847
2025-05-05 08:17:27.012,44.19103112214407
2025-05-08 08:27:22.372,20.600032179469498
2025-05-10 08:17:43.867,38.72396910770928
2025-05-12 08:17:38.539,38.34586034110238
2025-05-13 08:27:38.067,52.60538776260746
2025-05-18 08:27:21.329,24.513860157219693
2025-05-20 08:17:43.017,38.5693927274399
2025-05-23 08:27:39.536,36.434629706247414
2025-05-25 08:17:26.341,24.47363582034662
2025-05-28 08:27:21.971,27.427826046982023
2025-05-30 08:17:45.380,37.14487656874913
2025-06-01 08:17:42.124,30.19870822415299
2025-06-02 08:27:41.227,60.04056911690342
2025-06-04 08:17:25.378,31.902496207419667
2025-06-04 08:27:37.411,38.91876982485174
2025-06-07 08:27:20.235,89.0497862363812
2025-06-12 08:27:40.545,79.8309428584563
2025-06-14 08:17:23.560,80.13262538500436
2025-06-17 08:27:20.389,27.881211786879973
2025-06-19 08:17:43.239,31.361766193168762
2025-06-21 08:17:38.908,28.690875029451146
2025-06-22 08:27:39.794,68.44228382292098
2025-06-24 08:17:26.550,27.983496529214364
2025-06-24 08:27:35.747,35.28651220521307
2025-06-27 08:27:22.914,12.04509800541314
2025-06-29 08:17:46.334,31.176734243552612
2025-07-04 08:17:28.344,9.988155882386762
2025-07-07 08:27:24.189,29.693246598013978
2025-07-09 08:17:48.053,54.38502735254907
2025-07-11 08:17:44.149,23.050843561807564
2025-07-12 08:27:43.879,32.78685698524341
2025-07-14 08:17:28.526,31.524387440812763
2025-07-14 08:27:39.993,35.09343538822232
2025-07-17 08:27:23.904,35.85310072173953
2025-07-22 08:27:39.456,99.6816531053188
2025-07-22 08:27:46.239,99.88622258998758
2025-07-24 08:17:27.109,31.57093274490875
2025-07-27 08:27:21.971,32.9960235369834
2025-07-29 08:17:46.811,37.15464533627546
2025-07-31 08:17:42.732,28.989679584425136
2025-08-01 08:27:41.577,21.199949432262216
2025-08-03 08:17:25.610,29.567186135245716
2025-08-03 08:27:37.451,35.39626718153818
2025-08-08 08:17:43.402,39.03771893531926
2025-08-11 08:27:39.554,34.455017698708225
2025-08-13 08:17:27.283,21.95329379855652
2025-08-18 08:17:44.574,65.7167976830782
2025-08-20 08:17:38.885,60.99216200064359
2025-08-21 08:27:40.240,55.85673075817999
2025-08-23 08:17:27.118,81.64735898496758
2025-08-23 08:27:34.938,81.30775065508206
2025-08-26 08:27:22.407,43.49400082747207
2025-08-28 08:17:44.180,41.89718320386842
2025-09-02 08:17:24.997,98.30942858456305
2025-09-05 08:27:19.736,99.96379809681423
2025-09-10 08:27:35.307,99.18689376177998
2025-09-12 08:17:23.647,90.00655082057646
2025-09-12 08:27:33.023,100.0
2025-09-15 08:27:18.844,98.495609800947
2025-09-17 08:17:37.922,47.62214196991305
2025-09-20 08:27:33.991,99.10299728773043
2025-09-22 08:17:24.001,64.90768355543295
2025-10-02 08:17:25.271,33.27852358639722
2025-10-02 08:27:36.376,55.903529993161825
2025-10-10 08:27:34.062,63.586578631314616
2025-10-15 08:27:20.317,99.98046246494737
2025-10-17 08:17:35.693,85.93067622856617
2025-10-22 08:17:25.087,33.54238642438735
2025-10-22 08:27:36.078,54.5614398014067
2025-10-25 08:27:20.353,91.61839746241898
2025-11-19 08:27:30.085,90.96906173861076
